{"cameraMode":{"drawMode":0,"name":"Shaded","section":"Shading Mode"},"sceneLighting":true,"audioPlay":false,"sceneViewState":{"showFog":true,"showMaterialUpdate":false,"showSkybox":true,"showFlares":true,"showImageEffects":true,"showParticleSystems":true},"in2DMode":false,"pivot":{"x":83.8038558959961,"y":71.48519897460938,"z":200.8783721923828},"rotation":{"x":0.21704690158367158,"y":0.7780502438545227,"z":-0.3647417426109314,"w":0.46325623989105227},"size":0.3505416512489319,"orthographic":false}